iter	RMSE
0	76.52612206
1	51.74963359
